{
	"tags": null,
	"url": "meshes/blaster/blaster_nmap.jpg",
	"uOffset": 0,
	"vOffset": 0,
	"uScale": 1,
	"vScale": 1,
	"uAng": 0,
	"vAng": 0,
	"wAng": 0,
	"uRotationCenter": 0.5,
	"vRotationCenter": 0.5,
	"wRotationCenter": 0.5,
	"homogeneousRotationInUVTransform": false,
	"isBlocking": true,
	"name": "meshes/blaster/blaster_nmap.jpg",
	"metadata": {
		"editorName": "blaster_nmap.jpg",
		"editorId": "c7c80a17-2a4a-4d0d-ad7c-2d28f104a338",
		"ktx2CompressedTextures": {
			"isUsingCompressedTexture": false
		}
	},
	"hasAlpha": false,
	"getAlphaFromRGB": false,
	"level": 1,
	"coordinatesIndex": 0,
	"coordinatesMode": 0,
	"wrapU": 1,
	"wrapV": 1,
	"wrapR": 1,
	"anisotropicFilteringLevel": 4,
	"isCube": false,
	"is3D": false,
	"is2DArray": false,
	"gammaSpace": true,
	"invertZ": false,
	"lodLevelInAlpha": false,
	"lodGenerationOffset": 0,
	"lodGenerationScale": 0,
	"linearSpecularLOD": false,
	"isRenderTarget": false,
	"animations": [],
	"invertY": true,
	"samplingMode": 3
}