{
	"tags": null,
	"url": "files/parking.env",
	"rotationY": 0,
	"files": [],
	"textureMatrix": {
		"0": 1,
		"1": 0,
		"2": 0,
		"3": 0,
		"4": 0,
		"5": 1,
		"6": 0,
		"7": 0,
		"8": 0,
		"9": 0,
		"10": 1,
		"11": 0,
		"12": 0,
		"13": 0,
		"14": 0,
		"15": 1
	},
	"name": "files/parking.env",
	"metadata": {
		"editorName": "parking.env",
		"editorId": "05fc9043-8362-4dd0-9240-39b76cd868f5",
		"ktx2CompressedTextures": {
			"isUsingCompressedTexture": false
		}
	},
	"hasAlpha": false,
	"getAlphaFromRGB": false,
	"level": 1,
	"coordinatesIndex": 0,
	"coordinatesMode": 3,
	"wrapU": 0,
	"wrapV": 0,
	"wrapR": 1,
	"anisotropicFilteringLevel": 1,
	"isCube": true,
	"is3D": false,
	"is2DArray": false,
	"gammaSpace": false,
	"invertZ": false,
	"lodLevelInAlpha": false,
	"lodGenerationOffset": 0,
	"lodGenerationScale": 0.8,
	"linearSpecularLOD": false,
	"isRenderTarget": false,
	"animations": []
}