{
	"materials": [],
	"meshes": [
		{
			"name": "ball",
			"id": "f28c95a8-f3fc-4ff6-8522-26f3cc6d5d4c",
			"uniqueId": 11,
			"type": "Mesh",
			"tags": "modified",
			"position": [
				0.23371357617311567,
				-0.10572081711835296,
				1.1254070108955097
			],
			"rotation": [
				0,
				0,
				0
			],
			"scaling": [
				0.43787967043566056,
				0.43787967043566056,
				0.43787967043566056
			],
			"localMatrix": {
				"0": 1,
				"1": 0,
				"2": 0,
				"3": 0,
				"4": 0,
				"5": 1,
				"6": 0,
				"7": 0,
				"8": 0,
				"9": 0,
				"10": 1,
				"11": 0,
				"12": 0,
				"13": 0,
				"14": 0,
				"15": 1
			},
			"isEnabled": true,
			"isVisible": false,
			"infiniteDistance": false,
			"pickable": true,
			"receiveShadows": false,
			"billboardMode": 0,
			"visibility": 1,
			"checkCollisions": false,
			"isBlocker": false,
			"overrideMaterialSideOrientation": null,
			"parentId": "2e391261-067a-4ec6-8b00-25d7e0738684",
			"isUnIndexed": false,
			"geometryId": "e8376c83-353b-41fe-922f-274ffc225b2f",
			"subMeshes": null,
			"materialId": "0b776f6c-9111-499d-8207-1c8242d97719",
			"metadata": {
				"isPickable": true,
				"script": {}
			},
			"instances": [],
			"animations": [],
			"ranges": [],
			"layerMask": 268435455,
			"alphaIndex": 1.7976931348623157e+308,
			"hasVertexAlpha": false,
			"overlayAlpha": 0.5,
			"overlayColor": [
				1,
				0,
				0
			],
			"applyFog": true,
			"delayLoadingFile": "geometries/e8376c83-353b-41fe-922f-274ffc225b2f.babylonbinarymeshdata",
			"boundingBoxMaximum": [
				0.5,
				0.5,
				0.5
			],
			"boundingBoxMinimum": [
				-0.5,
				-0.5,
				-0.5
			],
			"_binaryInfo": {
				"positionsAttrDesc": {
					"count": 7245,
					"stride": 3,
					"offset": 0,
					"dataType": 1
				},
				"normalsAttrDesc": {
					"count": 7245,
					"stride": 3,
					"offset": 28980,
					"dataType": 1
				},
				"uvsAttrDesc": {
					"count": 4830,
					"stride": 2,
					"offset": 57960,
					"dataType": 1
				},
				"indicesAttrDesc": {
					"count": 13872,
					"stride": 1,
					"offset": 77280,
					"dataType": 0
				},
				"subMeshesAttrDesc": {
					"count": 1,
					"stride": 5,
					"offset": 132768,
					"dataType": 0
				}
			},
			"positions": null,
			"normals": null,
			"uvs": null,
			"hasUVs": true,
			"indices": null
		}
	],
	"multiMaterials": [],
	"lods": []
}