{
	"materials": [],
	"meshes": [
		{
			"name": "cube",
			"id": "d66c05ad-967f-4f69-a6fb-7d47281b641c",
			"uniqueId": 14,
			"type": "Mesh",
			"tags": "modified",
			"position": [
				0,
				0.5351396799087524,
				0
			],
			"rotationQuaternion": [
				0,
				0,
				0,
				1
			],
			"scaling": [
				1,
				1,
				1
			],
			"localMatrix": {
				"0": 1,
				"1": 0,
				"2": 0,
				"3": 0,
				"4": 0,
				"5": 1,
				"6": 0,
				"7": 0,
				"8": 0,
				"9": 0,
				"10": 1,
				"11": 0,
				"12": 0,
				"13": 0,
				"14": 0,
				"15": 1
			},
			"isEnabled": true,
			"isVisible": true,
			"infiniteDistance": false,
			"pickable": true,
			"receiveShadows": false,
			"billboardMode": 0,
			"visibility": 1,
			"checkCollisions": true,
			"isBlocker": false,
			"overrideMaterialSideOrientation": null,
			"isUnIndexed": false,
			"geometryId": "d3b70945-ad99-4eb5-abe6-e1409aa44e01",
			"subMeshes": null,
			"materialId": "965b4240-9156-4704-8e39-cc381d3c7123",
			"physicsMass": 0,
			"physicsFriction": 0.2,
			"physicsRestitution": 0,
			"physicsImpostor": 2,
			"metadata": {
				"isPickable": true,
				"script": {}
			},
			"instances": [],
			"animations": [],
			"ranges": [],
			"layerMask": 268435455,
			"alphaIndex": 1.7976931348623157e+308,
			"hasVertexAlpha": false,
			"overlayAlpha": 0.5,
			"overlayColor": [
				1,
				0,
				0
			],
			"applyFog": true,
			"delayLoadingFile": "geometries/d3b70945-ad99-4eb5-abe6-e1409aa44e01.babylonbinarymeshdata",
			"boundingBoxMaximum": [
				0.5,
				0.5,
				0.5
			],
			"boundingBoxMinimum": [
				-0.5,
				-0.5,
				-0.5
			],
			"_binaryInfo": {
				"positionsAttrDesc": {
					"count": 72,
					"stride": 3,
					"offset": 0,
					"dataType": 1
				},
				"normalsAttrDesc": {
					"count": 72,
					"stride": 3,
					"offset": 288,
					"dataType": 1
				},
				"uvsAttrDesc": {
					"count": 48,
					"stride": 2,
					"offset": 576,
					"dataType": 1
				},
				"indicesAttrDesc": {
					"count": 36,
					"stride": 1,
					"offset": 768,
					"dataType": 0
				},
				"subMeshesAttrDesc": {
					"count": 1,
					"stride": 5,
					"offset": 912,
					"dataType": 0
				}
			},
			"positions": null,
			"normals": null,
			"uvs": null,
			"hasUVs": true,
			"indices": null
		}
	],
	"multiMaterials": [],
	"lods": []
}