{
	"name": "sounds/gunshot.wav",
	"url": "sounds/gunshot.wav",
	"autoplay": false,
	"loop": false,
	"volume": 1,
	"spatialSound": true,
	"maxDistance": 100,
	"rolloffFactor": 1,
	"refDistance": 1,
	"distanceModel": "linear",
	"playbackRate": 1,
	"panningModel": "equalpower",
	"soundTrackId": -1,
	"metadata": {
		"id": "2cdda499-0fd2-470b-8444-5185ce13eeed"
	},
	"connectedMeshId": "b6a89645-0d85-44c1-8bf8-b99b8670c51f",
	"position": [
		3.6263726987024096,
		0.8734992237716122,
		2.890863797242333
	],
	"isDirectional": false,
	"localDirectionToMesh": [
		1,
		0,
		0
	],
	"coneInnerAngle": 360,
	"coneOuterAngle": 360,
	"coneOuterGain": 0
}