{
	"className": "CascadedShadowGenerator",
	"lightId": "13d8b045-9a4a-48c0-ab96-3584968502c2",
	"id": "13d8b045-9a4a-48c0-ab96-3584968502c2",
	"mapSize": 1024,
	"forceBackFacesOnly": false,
	"darkness": 0,
	"transparencyShadow": false,
	"frustumEdgeFalloff": 0,
	"bias": 0.0005,
	"normalBias": 0.0005,
	"usePercentageCloserFiltering": true,
	"useContactHardeningShadow": false,
	"contactHardeningLightSizeUVRatio": 0.1,
	"filteringQuality": 0,
	"useExponentialShadowMap": false,
	"useBlurExponentialShadowMap": false,
	"useCloseExponentialShadowMap": false,
	"useBlurCloseExponentialShadowMap": false,
	"usePoissonSampling": false,
	"depthScale": 50,
	"blurBoxOffset": 1,
	"blurKernel": 1,
	"blurScale": 2,
	"useKernelBlur": false,
	"renderList": [
		"d66c05ad-967f-4f69-a6fb-7d47281b641c",
		"f824df87-ae33-41d9-ba8f-551d2083a2be",
		"2dacc31c-b006-4088-aaaf-50c86a795b6c",
		"b6f5c00a-61f9-48a2-a448-70f69392c07a"
	],
	"numCascades": 4,
	"debug": false,
	"stabilizeCascades": true,
	"lambda": 0.997,
	"cascadeBlendPercentage": 0.2,
	"depthClamp": true,
	"autoCalcDepthBounds": false,
	"shadowMaxZ": 5000,
	"penumbraDarkness": 1,
	"freezeShadowCastersBoundingInfo": false,
	"minDistance": 0,
	"maxDistance": 1
}